<?xml version="1.0" encoding="UTF-8"?>
<project-private xmlns="http://www.netbeans.org/ns/project-private/1">
    <editor-bookmarks xmlns="http://www.netbeans.org/ns/editor-bookmarks/2" lastBookmarkId="1">
        <file>
            <url>src/Laptop_IS.java</url>
            <bookmark id="1">
                <name/>
                <line>782</line>
                <key/>
            </bookmark>
        </file>
    </editor-bookmarks>
    <open-files xmlns="http://www.netbeans.org/ns/projectui-open-files/2">
        <group>
            <file>file:/F:/college/Year%202/Emerging%20Technology/Coursework-I/JavaApplication5/src/User_Manual.java</file>
            <file>file:/F:/college/Year%202/Emerging%20Technology/Coursework-I/JavaApplication5/src/Laptop_IS.java</file>
            <file>file:/F:/college/Year%202/Emerging%20Technology/Coursework-I/JavaApplication5/src/selection_binary_search/Laptop_Search.java</file>
            <file>file:/F:/college/Year%202/Emerging%20Technology/Coursework-I/JavaApplication5/src/help.java</file>
        </group>
    </open-files>
</project-private>
