L001,Acer,50000,4GB/DDR4,128GB,Design Work,3.6Kg
L002,Dell,White,80000,8GB/DDR4,128GB,Gaming + Programming,3.6Kg
L003,Acer,White,90000,4GB/DDR4,128GB,Programming,1.5Kg
L004,Mac,White,115000,8GB/DDR4,128GB,Programming,3.3Kg
L005,Acer,White,90000,8GB/DDR4,128GB,Gaming,2.3Kg
L006,Lenovo,White,75000,8GB/DDR4,128GB,Programming,1.5Kg
L007,Acer,Black,52000,4GB/DDR4,128GB,Programming,2.3Kg
L008,Acer,White,50000,8GB/DDR4,128GB,Programming,3.6Kg
L009,Acer,White,650000,4GB/DDR4,128GB,Programming,2.3Kg
L010,Acer,White,55000,8GB/DDR4,128GB,Design Work,1.5Kg
L011,Acer,White,650000,16GB/DDR4,128GB,Programming,3.3Kg
L012,Acer,White,55000,8GB/DDR4,128GB,Gaming,2.3Kg